user_id,first_name,last_name,gender,avatar,city,academics
5eece14efc13ae6609000000,Milena,Lacelett,Female,https://robohash.org/quisidomnis.png?size=50x50&set=set1,Blagoveshchensk,undergraduate
5eece14efc13ae6609000001,Nolan,Satcher,Male,https://robohash.org/dignissimosrepudiandaedolorum.png?size=50x50&set=set1,Wufeng,undergraduate
5eece14efc13ae6609000002,Eveleen,Cotterell,Female,https://robohash.org/remomnissuscipit.png?size=50x50&set=set1,Barra Bonita,undergraduate
5eece14efc13ae6609000003,Petrina,Berr,Female,https://robohash.org/estquasconsectetur.png?size=50x50&set=set1,San Angelo,undergraduate
5eece14efc13ae6609000004,Saunderson,Duquesnay,Male,https://robohash.org/nullaaest.png?size=50x50&set=set1,Olszówka,graduate
5eece14efc13ae6609000005,Mirna,Cadwell,Female,https://robohash.org/eoseaqueaut.png?size=50x50&set=set1,Vito,graduate
5eece14efc13ae6609000006,Michal,Khoter,Female,https://robohash.org/quaeratmagniaperiam.png?size=50x50&set=set1,Desa Nasol,undergraduate
5eece14efc13ae6609000007,Faustine,Abberley,Female,https://robohash.org/etnesciuntlaborum.png?size=50x50&set=set1,Yamaguchi-shi,graduate
5eece14efc13ae6609000008,Jamima,Di Maria,Female,https://robohash.org/etveltempore.png?size=50x50&set=set1,Qingshuihe,graduate
5eece14efc13ae6609000009,Harris,Smead,Male,https://robohash.org/praesentiumutet.png?size=50x50&set=set1,Parawan,undergraduate
5eece14efc13ae660900000a,Darda,Wragg,Female,https://robohash.org/accusantiumveroquaerat.png?size=50x50&set=set1,Al Mazra‘ah ash Sharqīyah,undergraduate
5eece14efc13ae660900000b,Bernadina,Espinos,Female,https://robohash.org/quiquoquia.png?size=50x50&set=set1,Matwaḩ,graduate
5eece14efc13ae660900000c,Alysa,Burlingham,Female,https://robohash.org/laudantiumdolorenon.png?size=50x50&set=set1,Bertioga,graduate
5eece14efc13ae660900000d,Maurice,Birrell,Male,https://robohash.org/ipsumquaeratquo.png?size=50x50&set=set1,Pailitas,graduate
5eece14efc13ae660900000e,Corabelle,Woodrup,Female,https://robohash.org/utprovidentdolor.png?size=50x50&set=set1,Luyang,undergraduate
5eece14efc13ae660900000f,Leonore,Adolfson,Female,https://robohash.org/idvoluptatemvoluptas.png?size=50x50&set=set1,Damayan,graduate
5eece14efc13ae6609000010,Arther,Micklem,Male,https://robohash.org/nemomodiest.png?size=50x50&set=set1,Thuận Nam,undergraduate
5eece14efc13ae6609000011,Garnet,Stevens,Female,https://robohash.org/nostrumnihilsimilique.png?size=50x50&set=set1,Guadalupe,graduate
5eece14efc13ae6609000012,Fionna,Steely,Female,https://robohash.org/inciduntfacereillo.png?size=50x50&set=set1,Karpokhórion,undergraduate
5eece14efc13ae6609000013,Aldridge,Davidovich,Male,https://robohash.org/estvoluptatemquia.png?size=50x50&set=set1,Phan Thong,graduate
5eece14efc13ae6609000014,Kelvin,Glencorse,Male,https://robohash.org/rationedolorema.png?size=50x50&set=set1,Krajan,undergraduate
5eece14efc13ae6609000015,Gus,McNickle,Male,https://robohash.org/laudantiumtemporanihil.png?size=50x50&set=set1,Malanów,undergraduate
5eece14efc13ae6609000016,Ursala,Abramamov,Female,https://robohash.org/sequiquisquamnesciunt.png?size=50x50&set=set1,Yenakiyeve,graduate
5eece14efc13ae6609000017,Joannes,Wewell,Female,https://robohash.org/dictavoluptastemporibus.png?size=50x50&set=set1,Zengtian,undergraduate
5eece14efc13ae6609000018,Chris,Struther,Male,https://robohash.org/iureetad.png?size=50x50&set=set1,Puyan,undergraduate
5eece14efc13ae6609000019,Damara,Caghan,Female,https://robohash.org/consecteturlaboriosamquas.png?size=50x50&set=set1,Katav-Ivanovsk,graduate
5eece14efc13ae660900001a,Edwin,Ebdon,Male,https://robohash.org/doloresquamcum.png?size=50x50&set=set1,Chengguan,graduate
5eece14efc13ae660900001b,Reuben,Danet,Male,https://robohash.org/distinctiovoluptasducimus.png?size=50x50&set=set1,Dingqiao,undergraduate
5eece14efc13ae660900001c,Elyssa,MacKaig,Female,https://robohash.org/temporibusdolorumcorrupti.png?size=50x50&set=set1,Yeniugou,graduate
5eece14efc13ae660900001d,Leontyne,Donovan,Female,https://robohash.org/mollitianamillum.png?size=50x50&set=set1,Mārupe,undergraduate
5eece14efc13ae660900001e,Kameko,Marcinkowski,Female,https://robohash.org/omnisrerumiure.png?size=50x50&set=set1,Sigu,undergraduate
5eece14efc13ae660900001f,Oby,Sidworth,Male,https://robohash.org/utnemovero.png?size=50x50&set=set1,Huanggexi,graduate
5eece14efc13ae6609000020,Davidde,Herety,Male,https://robohash.org/omnisnonin.png?size=50x50&set=set1,Ivanec,graduate
5eece14efc13ae6609000021,Kendell,Warner,Male,https://robohash.org/reprehenderitassumendaharum.png?size=50x50&set=set1,Bagamoyo,undergraduate
5eece14efc13ae6609000022,Jeanne,Theseira,Female,https://robohash.org/errorfugaquia.png?size=50x50&set=set1,Räpina,undergraduate
5eece14efc13ae6609000023,Lorin,McMeanma,Male,https://robohash.org/omnisadipisciquia.png?size=50x50&set=set1,Marne-la-Vallée,undergraduate
5eece14efc13ae6609000024,Naoma,Sautter,Female,https://robohash.org/oditrerumnatus.png?size=50x50&set=set1,São João dos Patos,graduate
5eece14efc13ae6609000025,Jamison,Ditter,Male,https://robohash.org/nequedictaeveniet.png?size=50x50&set=set1,Watsa,undergraduate
5eece14efc13ae6609000026,Fairleigh,Steynor,Male,https://robohash.org/minusvoluptasanimi.png?size=50x50&set=set1,Gritsovskiy,undergraduate
5eece14efc13ae6609000027,Currey,Whorton,Male,https://robohash.org/adfugitlibero.png?size=50x50&set=set1,Triolet,undergraduate
5eece14efc13ae6609000028,Lynn,Croce,Female,https://robohash.org/utdoloreex.png?size=50x50&set=set1,Hošťka,undergraduate
5eece14efc13ae6609000029,Emmalynn,Moylan,Female,https://robohash.org/officiautrerum.png?size=50x50&set=set1,Qalaikhumb,graduate
5eece14efc13ae660900002a,Duke,Leveret,Male,https://robohash.org/laborequidemest.png?size=50x50&set=set1,Södertälje,graduate
5eece14efc13ae660900002b,Mill,Morsom,Male,https://robohash.org/quibusdammagnamet.png?size=50x50&set=set1,Ciudad Ojeda,undergraduate
5eece14efc13ae660900002c,Morry,Mattaser,Male,https://robohash.org/iureculpaofficia.png?size=50x50&set=set1,Jiangfeng,undergraduate
5eece14efc13ae660900002d,Dunn,Ambroise,Male,https://robohash.org/sedinat.png?size=50x50&set=set1,Margorejo,undergraduate
5eece14efc13ae660900002e,Isidore,Kehir,Male,https://robohash.org/maioresutrecusandae.png?size=50x50&set=set1,Sai’erlong Xiang,graduate
5eece14efc13ae660900002f,Beitris,Di Matteo,Female,https://robohash.org/quaerateumsint.png?size=50x50&set=set1,Chinhoyi,undergraduate
5eece14efc13ae6609000030,Riobard,Mouth,Male,https://robohash.org/ametmaximeaut.png?size=50x50&set=set1,Yangping,undergraduate
5eece14efc13ae6609000031,Rowe,Derye-Barrett,Female,https://robohash.org/etquisquamvoluptas.png?size=50x50&set=set1,Berëzovka,graduate
5eece14efc13ae6609000032,Jacques,O'Coskerry,Male,https://robohash.org/autofficiisnumquam.png?size=50x50&set=set1,Klek,graduate
5eece14efc13ae6609000033,Lynnet,Ewert,Female,https://robohash.org/earumvoluptasdolores.png?size=50x50&set=set1,Honghualiangzi,graduate
5eece14efc13ae6609000034,Noak,Jaffray,Male,https://robohash.org/officiadictaet.png?size=50x50&set=set1,São José,graduate
5eece14efc13ae6609000035,Mason,Grunnill,Male,https://robohash.org/molestiaedoloremsed.png?size=50x50&set=set1,Dulce Nombre,undergraduate
5eece14efc13ae6609000036,Katinka,Farrey,Female,https://robohash.org/reiciendisevenietnatus.png?size=50x50&set=set1,Sanyang,graduate
5eece14efc13ae6609000037,Hermon,Gillbard,Male,https://robohash.org/remsintearum.png?size=50x50&set=set1,Pridonskoy,graduate
5eece14efc13ae6609000038,Ugo,Heditch,Male,https://robohash.org/rerumeabeatae.png?size=50x50&set=set1,Barmash,undergraduate
5eece14efc13ae6609000039,Susie,Stoppe,Female,https://robohash.org/voluptatealiaset.png?size=50x50&set=set1,Lhabupu,undergraduate
5eece14efc13ae660900003a,Wolfie,Suerz,Male,https://robohash.org/hicteneturdelectus.png?size=50x50&set=set1,Santa Teresa,undergraduate
5eece14efc13ae660900003b,Tobias,Carwithan,Male,https://robohash.org/temporibusdeseruntnon.png?size=50x50&set=set1,Nāḩiyat Baḩār,graduate
5eece14efc13ae660900003c,Reinaldos,Dunkerly,Male,https://robohash.org/quasipsaconsequuntur.png?size=50x50&set=set1,Nangabere,undergraduate
5eece14efc13ae660900003d,Sascha,Easterbrook,Female,https://robohash.org/minusquisquamnon.png?size=50x50&set=set1,Vårgårda,graduate
5eece14efc13ae660900003e,Kimmy,Serrurier,Female,https://robohash.org/fugaconsequunturiste.png?size=50x50&set=set1,Lebu,undergraduate
5eece14efc13ae660900003f,Gino,Stening,Male,https://robohash.org/consequaturnisiet.png?size=50x50&set=set1,Lukavice,graduate
5eece14efc13ae6609000040,Livy,Mingauld,Female,https://robohash.org/fugiatsaepenon.png?size=50x50&set=set1,Cikondang,graduate
5eece14efc13ae6609000041,Trevar,Kinleyside,Male,https://robohash.org/inaccusantiumsit.png?size=50x50&set=set1,Bahaodi,graduate
5eece14efc13ae6609000042,Roy,Caldero,Male,https://robohash.org/dolorquiaet.png?size=50x50&set=set1,Cartí Suitupo,undergraduate
5eece14efc13ae6609000043,Constantine,Gemelli,Male,https://robohash.org/illoarchitectoipsum.png?size=50x50&set=set1,Lyublino,graduate
5eece14efc13ae6609000044,Cello,Conen,Male,https://robohash.org/optioperferendismollitia.png?size=50x50&set=set1,Mocupe,graduate
5eece14efc13ae6609000045,Darin,Wynes,Male,https://robohash.org/excepturivoluptatemoptio.png?size=50x50&set=set1,Dengzhou,graduate
5eece14efc13ae6609000046,Lianne,Copestick,Female,https://robohash.org/placeatexplicabomaxime.png?size=50x50&set=set1,Muhos,graduate
5eece14efc13ae6609000047,Richmond,Flement,Male,https://robohash.org/abplaceatsequi.png?size=50x50&set=set1,Church End,undergraduate
5eece14efc13ae6609000048,Babs,Benettelli,Female,https://robohash.org/etquaemollitia.png?size=50x50&set=set1,Yajiwa,graduate
5eece14efc13ae6609000049,Kirby,Grimmer,Female,https://robohash.org/eaerrorplaceat.png?size=50x50&set=set1,São Martinho de Árvore,graduate
5eece14efc13ae660900004a,Debor,Calcraft,Female,https://robohash.org/cumquevoluptatumin.png?size=50x50&set=set1,Svrljig,graduate
5eece14efc13ae660900004b,Julius,Cranefield,Male,https://robohash.org/similiqueateaque.png?size=50x50&set=set1,Krzęcin,undergraduate
5eece14efc13ae660900004c,Nari,Daish,Female,https://robohash.org/ducimusdelenitiquia.png?size=50x50&set=set1,Pu’er,graduate
5eece14efc13ae660900004d,Arvin,Mitchener,Male,https://robohash.org/quiteneturdignissimos.png?size=50x50&set=set1,Huntsville,undergraduate
5eece14efc13ae660900004e,Cornall,Butterfill,Male,https://robohash.org/ipsumconsequunturut.png?size=50x50&set=set1,Cibungur,undergraduate
5eece14efc13ae660900004f,Carri,Squirrel,Female,https://robohash.org/solutavelitvel.png?size=50x50&set=set1,Pakisrejo,graduate
5eece14efc13ae6609000050,Shanon,MacDwyer,Female,https://robohash.org/suscipitetharum.png?size=50x50&set=set1,Franco da Rocha,undergraduate
5eece14efc13ae6609000051,Augustine,Blanning,Female,https://robohash.org/quidoloresdicta.png?size=50x50&set=set1,Padaan,undergraduate
5eece14efc13ae6609000052,Corrina,Hordle,Female,https://robohash.org/eosinrerum.png?size=50x50&set=set1,Krandil,undergraduate
5eece14efc13ae6609000053,Flory,Macek,Male,https://robohash.org/minimaasperioresmaxime.png?size=50x50&set=set1,Reserva,undergraduate
5eece14efc13ae6609000054,Marietta,Versey,Male,https://robohash.org/quietet.png?size=50x50&set=set1,Lívingston,undergraduate
5eece14efc13ae6609000055,Tedmund,Skaife d'Ingerthorpe,Male,https://robohash.org/suntquiseius.png?size=50x50&set=set1,Gangshangji,undergraduate
5eece14efc13ae6609000056,Rania,Krook,Female,https://robohash.org/necessitatibusquisest.png?size=50x50&set=set1,Fenghua,undergraduate
5eece14efc13ae6609000057,Marcello,Byers,Male,https://robohash.org/molestiaepossimusqui.png?size=50x50&set=set1,Hodkovičky,undergraduate
5eece14efc13ae6609000058,Norman,Sterland,Male,https://robohash.org/undeerrorrerum.png?size=50x50&set=set1,San Fernando,graduate
5eece14efc13ae6609000059,Helena,Woodger,Female,https://robohash.org/deseruntnonincidunt.png?size=50x50&set=set1,Berkovitsa,graduate
5eece14efc13ae660900005a,Jarid,Heck,Male,https://robohash.org/eumnatusquidem.png?size=50x50&set=set1,Limoeiro do Norte,undergraduate
5eece14efc13ae660900005b,Austen,Scad,Male,https://robohash.org/estistequaerat.png?size=50x50&set=set1,Eshan,undergraduate
5eece14efc13ae660900005c,Mollie,Petow,Female,https://robohash.org/adipiscisequidebitis.png?size=50x50&set=set1,Hidalgo,undergraduate
5eece14efc13ae660900005d,Nico,Instone,Male,https://robohash.org/eumnullasit.png?size=50x50&set=set1,Strasbourg,undergraduate
5eece14efc13ae660900005e,Townie,Godfray,Male,https://robohash.org/utfugiatvel.png?size=50x50&set=set1,Jince,undergraduate
5eece14efc13ae660900005f,Piper,Carreyette,Female,https://robohash.org/quidoloremautem.png?size=50x50&set=set1,Xingfeng,undergraduate
5eece14efc13ae6609000060,Ralina,Patshull,Female,https://robohash.org/deseruntdelenitiquos.png?size=50x50&set=set1,Bagaces,graduate
5eece14efc13ae6609000061,Leila,Pindar,Female,https://robohash.org/eosmolestiaead.png?size=50x50&set=set1,Duobaoshan,undergraduate
5eece14efc13ae6609000062,Dani,De Ambrosi,Female,https://robohash.org/etnequenihil.png?size=50x50&set=set1,Rungkam,undergraduate
5eece14efc13ae6609000063,Cleo,Shakesby,Female,https://robohash.org/utinquo.png?size=50x50&set=set1,Shimen,graduate
5eece14efc13ae6609000064,Magdalene,Hunting,Female,https://robohash.org/autvelitsoluta.png?size=50x50&set=set1,Karavan,graduate
5eece14efc13ae6609000065,Didi,Ferreli,Female,https://robohash.org/similiquequaeautem.png?size=50x50&set=set1,Shulan,undergraduate
5eece14efc13ae6609000066,Letta,Lipscombe,Female,https://robohash.org/ullamsedneque.png?size=50x50&set=set1,Shangrao,undergraduate
5eece14efc13ae6609000067,Reagen,Giriardelli,Male,https://robohash.org/eosquidoloribus.png?size=50x50&set=set1,Xirikxiy,graduate
5eece14efc13ae6609000068,Kermit,Jerzykiewicz,Male,https://robohash.org/utveniameveniet.png?size=50x50&set=set1,Carmen,undergraduate
5eece14efc13ae6609000069,Marys,Bettley,Female,https://robohash.org/nonestin.png?size=50x50&set=set1,Moste,graduate
5eece14efc13ae660900006a,Brew,Minico,Male,https://robohash.org/suscipitenimatque.png?size=50x50&set=set1,Três Corações,undergraduate
5eece14efc13ae660900006b,Inger,Shelvey,Male,https://robohash.org/expeditaetnon.png?size=50x50&set=set1,Blachownia,graduate
5eece14efc13ae660900006c,Lonnie,Paulmann,Male,https://robohash.org/sitquodmollitia.png?size=50x50&set=set1,Sannikovo,undergraduate
5eece14efc13ae660900006d,Ferdinanda,Tynnan,Female,https://robohash.org/laborelaborumcumque.png?size=50x50&set=set1,Kalāt-e Nāderī,undergraduate
5eece14efc13ae660900006e,Gian,Dayment,Male,https://robohash.org/eumcumquevel.png?size=50x50&set=set1,Koson,graduate
5eece14efc13ae660900006f,Grace,Rahlof,Male,https://robohash.org/idaliaslabore.png?size=50x50&set=set1,Amphoe Sikhiu,undergraduate
5eece14efc13ae6609000070,Ivor,Claessens,Male,https://robohash.org/aeumnon.png?size=50x50&set=set1,Santa Monica,graduate
5eece14efc13ae6609000071,Wynn,Bartod,Female,https://robohash.org/nullaetconsequatur.png?size=50x50&set=set1,Media Luna,undergraduate
5eece14efc13ae6609000072,Kylie,Saddleton,Female,https://robohash.org/sedeiuset.png?size=50x50&set=set1,Xiexiong,graduate
5eece14efc13ae6609000073,Boyce,Sambells,Male,https://robohash.org/similiquelaudantiumsunt.png?size=50x50&set=set1,Potulando,undergraduate
5eece14efc13ae6609000074,Korella,Preskett,Female,https://robohash.org/impeditmolestiaererum.png?size=50x50&set=set1,Nanpu,graduate
5eece14efc13ae6609000075,Denys,Buckles,Female,https://robohash.org/vitaeculpaeius.png?size=50x50&set=set1,El Alamo,graduate
5eece14efc13ae6609000076,Kassia,Iacovo,Female,https://robohash.org/adipisciquinon.png?size=50x50&set=set1,Tuymazy,graduate
5eece14efc13ae6609000077,Kirby,Peiser,Male,https://robohash.org/estrerumitaque.png?size=50x50&set=set1,San Benito,graduate
5eece14efc13ae6609000078,Lorita,Chevolleau,Female,https://robohash.org/autemquisat.png?size=50x50&set=set1,Bergen,graduate
5eece14ffc13ae6609000079,Ashton,Sirett,Male,https://robohash.org/molestiasquocupiditate.png?size=50x50&set=set1,Krajan Karangwage,undergraduate
5eece14ffc13ae660900007a,Cathleen,McIlveen,Female,https://robohash.org/aspernaturautet.png?size=50x50&set=set1,Hamburg Harvestehude,undergraduate
5eece14ffc13ae660900007b,Shalne,Binham,Female,https://robohash.org/assumendaexpeditaautem.png?size=50x50&set=set1,Urkarakh,graduate
5eece14ffc13ae660900007c,Clerc,Tourot,Male,https://robohash.org/aliasexpeditadolorum.png?size=50x50&set=set1,Ban Dung,graduate
5eece14ffc13ae660900007d,Ainslie,Blennerhassett,Female,https://robohash.org/animiquisnesciunt.png?size=50x50&set=set1,Mirimire,undergraduate
5eece14ffc13ae660900007e,Zorana,Gianelli,Female,https://robohash.org/enimeosquos.png?size=50x50&set=set1,Žalec,graduate
5eece14ffc13ae660900007f,Aldo,Penbarthy,Male,https://robohash.org/sitetconsequuntur.png?size=50x50&set=set1,Krajan Nglinggis,undergraduate
5eece14ffc13ae6609000080,Forster,Sines,Male,https://robohash.org/consequaturdoloresvoluptatem.png?size=50x50&set=set1,Ponce,graduate
5eece14ffc13ae6609000081,Christen,MacNeish,Female,https://robohash.org/excepturiiureenim.png?size=50x50&set=set1,Were,graduate
5eece14ffc13ae6609000082,Kare,Harkus,Female,https://robohash.org/nequequaeratomnis.png?size=50x50&set=set1,Svetlogorsk,undergraduate
5eece14ffc13ae6609000083,Washington,Cheeke,Male,https://robohash.org/quiaeanam.png?size=50x50&set=set1,Niuzhuang,graduate
5eece14ffc13ae6609000084,Jakie,Gasquoine,Male,https://robohash.org/repudiandaeutcumque.png?size=50x50&set=set1,Yujiao,graduate
5eece14ffc13ae6609000085,Claretta,Lenz,Female,https://robohash.org/esteumvero.png?size=50x50&set=set1,Pagarbatu,graduate
5eece14ffc13ae6609000086,Annelise,Minor,Female,https://robohash.org/quisquameaullam.png?size=50x50&set=set1,Otuzco,graduate
5eece14ffc13ae6609000087,Welch,Llewelly,Male,https://robohash.org/iureestvoluptas.png?size=50x50&set=set1,Shangcai Zhongxing,undergraduate
5eece14ffc13ae6609000088,Randall,Garwood,Male,https://robohash.org/auttotamunde.png?size=50x50&set=set1,Ōtsuchi,undergraduate
5eece14ffc13ae6609000089,Samson,Bernardy,Male,https://robohash.org/auteiusquidem.png?size=50x50&set=set1,Tlogocilik,undergraduate
5eece14ffc13ae660900008a,Dinny,Illiston,Female,https://robohash.org/quamadipiscilaboriosam.png?size=50x50&set=set1,Leeuwarden,graduate
5eece14ffc13ae660900008b,Hollie,Stower,Female,https://robohash.org/natuseosesse.png?size=50x50&set=set1,Mevo horon,undergraduate
5eece14ffc13ae660900008c,Cherilyn,Sibson,Female,https://robohash.org/eumrerumnihil.png?size=50x50&set=set1,Tlogocilik,graduate
5eece14ffc13ae660900008d,Shirline,Hollingby,Female,https://robohash.org/nonnihildolorem.png?size=50x50&set=set1,Ongkharak,undergraduate
5eece14ffc13ae660900008e,Gino,Mixter,Male,https://robohash.org/beataedoloremquefugit.png?size=50x50&set=set1,Sindangjati,graduate
5eece14ffc13ae660900008f,Oralia,Mularkey,Female,https://robohash.org/nemoconsequatursapiente.png?size=50x50&set=set1,Campelos,graduate
5eece14ffc13ae6609000090,Michal,Domenichini,Female,https://robohash.org/liberovoluptatemporro.png?size=50x50&set=set1,Ōtake,graduate
5eece14ffc13ae6609000091,Buiron,Gowar,Male,https://robohash.org/exdebitisut.png?size=50x50&set=set1,Qiryat Shemona,graduate
5eece14ffc13ae6609000092,Dorolice,Gyurko,Female,https://robohash.org/laboriosamvelitexpedita.png?size=50x50&set=set1,Kavalerovo,undergraduate
5eece14ffc13ae6609000093,Anica,Karlowicz,Female,https://robohash.org/quibusdamfacilisquia.png?size=50x50&set=set1,Trilj,graduate
5eece14ffc13ae6609000094,Hashim,Stitfall,Male,https://robohash.org/idautut.png?size=50x50&set=set1,Tianhe,graduate
5eece14ffc13ae6609000095,Dorise,Brodley,Female,https://robohash.org/namplaceatexcepturi.png?size=50x50&set=set1,Pigí,graduate
5eece14ffc13ae6609000096,Ephrem,Colby,Male,https://robohash.org/nonaliasautem.png?size=50x50&set=set1,Babirik,undergraduate
5eece14ffc13ae6609000097,Cozmo,Vesty,Male,https://robohash.org/blanditiissequiquod.png?size=50x50&set=set1,Suishan,graduate
5eece14ffc13ae6609000098,Carleton,Rawes,Male,https://robohash.org/doloresrerumet.png?size=50x50&set=set1,Morrison,undergraduate
5eece14ffc13ae6609000099,Taylor,Tweede,Male,https://robohash.org/magnamautemtotam.png?size=50x50&set=set1,Pršovce,graduate
5eece14ffc13ae660900009a,Marrissa,Anwyl,Female,https://robohash.org/atqueeligendimaxime.png?size=50x50&set=set1,Itamaraju,undergraduate
5eece14ffc13ae660900009b,Billy,Koeppe,Male,https://robohash.org/teneturessetempora.png?size=50x50&set=set1,Suncheon,graduate
5eece14ffc13ae660900009c,Andris,Slimme,Male,https://robohash.org/explicabodolorsit.png?size=50x50&set=set1,Nikol’skoye,undergraduate
5eece14ffc13ae660900009d,Janel,Moyse,Female,https://robohash.org/enimsedaccusamus.png?size=50x50&set=set1,Sanzhang,undergraduate
5eece14ffc13ae660900009e,Forrest,Moquin,Male,https://robohash.org/faceresaepeesse.png?size=50x50&set=set1,Santa Ana,graduate
5eece14ffc13ae660900009f,Dorella,Jennins,Female,https://robohash.org/idrationeaut.png?size=50x50&set=set1,Seso,undergraduate
5eece14ffc13ae66090000a0,Cecil,Longbothom,Male,https://robohash.org/liberoquodvoluptatem.png?size=50x50&set=set1,Ibeto,undergraduate
5eece14ffc13ae66090000a1,Felecia,Wrotchford,Female,https://robohash.org/recusandaeeanatus.png?size=50x50&set=set1,Oleksandriya,graduate
5eece14ffc13ae66090000a2,Lucas,Menat,Male,https://robohash.org/exercitationemexdolorem.png?size=50x50&set=set1,Castleblayney,undergraduate
5eece14ffc13ae66090000a3,Lezlie,Hove,Female,https://robohash.org/quasimollitiavoluptatum.png?size=50x50&set=set1,Yongchuan,graduate
5eece14ffc13ae66090000a4,Garrott,Akers,Male,https://robohash.org/eteosnesciunt.png?size=50x50&set=set1,Malakwal City,undergraduate
5eece14ffc13ae66090000a5,Nickolaus,Frenzel;,Male,https://robohash.org/enimsedab.png?size=50x50&set=set1,Khok Charoen,undergraduate
5eece14ffc13ae66090000a6,Lorilyn,Blundel,Female,https://robohash.org/etmollitiaitaque.png?size=50x50&set=set1,Heshui,graduate
5eece14ffc13ae66090000a7,Vanni,Doree,Female,https://robohash.org/voluptatemutrepellendus.png?size=50x50&set=set1,Citeureup,undergraduate
5eece14ffc13ae66090000a8,Robbin,Shoveller,Female,https://robohash.org/sintrecusandaeenim.png?size=50x50&set=set1,North Perth,graduate
5eece14ffc13ae66090000a9,Nickolas,Rainger,Male,https://robohash.org/omnisvoluptatesequi.png?size=50x50&set=set1,Krzyżowice,graduate
5eece14ffc13ae66090000aa,Alick,Frostdyke,Male,https://robohash.org/molestiaeautquisquam.png?size=50x50&set=set1,Tuchola,graduate
5eece14ffc13ae66090000ab,Abdul,Polkinhorn,Male,https://robohash.org/blanditiisaddolorum.png?size=50x50&set=set1,Ashcroft,undergraduate
5eece14ffc13ae66090000ac,Fabien,Cantero,Male,https://robohash.org/sintillumomnis.png?size=50x50&set=set1,Itaituba,graduate
5eece14ffc13ae66090000ad,Clare,Offield,Male,https://robohash.org/etnatusquos.png?size=50x50&set=set1,Żychlin,undergraduate
5eece14ffc13ae66090000ae,Natka,Parmenter,Female,https://robohash.org/quiquaeipsam.png?size=50x50&set=set1,Saidpur,undergraduate
5eece14ffc13ae66090000af,Ulberto,Aucott,Male,https://robohash.org/verodoloremdolor.png?size=50x50&set=set1,Morez,undergraduate
5eece14ffc13ae66090000b0,Alameda,McGibbon,Female,https://robohash.org/sapientedoloresculpa.png?size=50x50&set=set1,Qinggou,undergraduate
5eece14ffc13ae66090000b1,Taddeo,O'Kenny,Male,https://robohash.org/corruptivoluptatesomnis.png?size=50x50&set=set1,Euclides da Cunha,graduate
5eece14ffc13ae66090000b2,Kaylyn,Bonnell,Female,https://robohash.org/ametquibusdamsed.png?size=50x50&set=set1,Maasin,graduate
5eece14ffc13ae66090000b3,Farrah,Inglesent,Female,https://robohash.org/velatquedolor.png?size=50x50&set=set1,Karangsono,graduate
5eece14ffc13ae66090000b4,Kaiser,Nolleau,Male,https://robohash.org/officiasedconsequuntur.png?size=50x50&set=set1,Kakogawachō-honmachi,graduate
5eece14ffc13ae66090000b5,Crissie,Lopez,Female,https://robohash.org/cumqueautatque.png?size=50x50&set=set1,Amagi,graduate
5eece14ffc13ae66090000b6,Lorens,Sanday,Male,https://robohash.org/delenitiquiquia.png?size=50x50&set=set1,Banjeru,undergraduate
5eece14ffc13ae66090000b7,Erda,Paolillo,Female,https://robohash.org/ipsamnecessitatibusnam.png?size=50x50&set=set1,Yixi,undergraduate
5eece14ffc13ae66090000b8,Trace,Stern,Male,https://robohash.org/aspernatureosimpedit.png?size=50x50&set=set1,Bueng Samakkhi,graduate
5eece14ffc13ae66090000b9,Wanids,Langmaid,Female,https://robohash.org/velverodeserunt.png?size=50x50&set=set1,Ranchuelo,graduate
5eece14ffc13ae66090000ba,Linnie,Primrose,Female,https://robohash.org/similiquelaboriosamodit.png?size=50x50&set=set1,Sai,undergraduate
5eece14ffc13ae66090000bb,Ruby,Starbeck,Female,https://robohash.org/deseruntetarchitecto.png?size=50x50&set=set1,Berck,graduate
5eece14ffc13ae66090000bc,Christyna,Morgen,Female,https://robohash.org/sintmaioresqui.png?size=50x50&set=set1,Huangshi,undergraduate
5eece14ffc13ae66090000bd,Kiri,Beard,Female,https://robohash.org/sintautadipisci.png?size=50x50&set=set1,Quemú Quemú,graduate
5eece14ffc13ae66090000be,Saxe,Oxe,Male,https://robohash.org/autquiquisquam.png?size=50x50&set=set1,Wangchang,undergraduate
5eece14ffc13ae66090000bf,Patrizius,Capoun,Male,https://robohash.org/asperioresutvel.png?size=50x50&set=set1,Mingyuedian,graduate
5eece14ffc13ae66090000c0,Tommie,Lindborg,Male,https://robohash.org/solutadolorid.png?size=50x50&set=set1,Shilovo,graduate
5eece14ffc13ae66090000c1,Andres,Lovegrove,Male,https://robohash.org/consecteturuteos.png?size=50x50&set=set1,Łopuszna,undergraduate
5eece14ffc13ae66090000c2,Artie,While,Male,https://robohash.org/etullamdolorem.png?size=50x50&set=set1,Sojo,undergraduate
5eece14ffc13ae66090000c3,Rudie,Gartside,Male,https://robohash.org/eosverofacere.png?size=50x50&set=set1,Fada N'gourma,undergraduate
5eece14ffc13ae66090000c4,Glen,Marnane,Male,https://robohash.org/dignissimosisteeos.png?size=50x50&set=set1,Flor da Mata,undergraduate
5eece14ffc13ae66090000c5,Gerladina,McWhannel,Female,https://robohash.org/delenitiearumdignissimos.png?size=50x50&set=set1,Condado,graduate
5eece14ffc13ae66090000c6,Bunni,Vasishchev,Female,https://robohash.org/quasietlabore.png?size=50x50&set=set1,Rongxing,graduate
5eece14ffc13ae66090000c7,Rowland,Kirkman,Male,https://robohash.org/quoquiaeum.png?size=50x50&set=set1,Tunasbaru,graduate
5eece14ffc13ae66090000c8,Baily,Adrienne,Male,https://robohash.org/laborumarchitectoaccusantium.png?size=50x50&set=set1,Cirompang,undergraduate
5eece14ffc13ae66090000c9,Juliana,Clougher,Female,https://robohash.org/illoharummagnam.png?size=50x50&set=set1,Lagawe,graduate
5eece14ffc13ae66090000ca,Falito,Glassman,Male,https://robohash.org/autconsequaturdignissimos.png?size=50x50&set=set1,Mevo horon,undergraduate
5eece14ffc13ae66090000cb,Liam,Schach,Male,https://robohash.org/nihilestminima.png?size=50x50&set=set1,Caoping,undergraduate
5eece14ffc13ae66090000cc,Katuscha,Summerhayes,Female,https://robohash.org/etquivoluptates.png?size=50x50&set=set1,Yuza,graduate
5eece14ffc13ae66090000cd,Boyd,Bumford,Male,https://robohash.org/voluptatemdictadeserunt.png?size=50x50&set=set1,Fort Erie,graduate
5eece14ffc13ae66090000ce,Bronnie,Wass,Male,https://robohash.org/quidoloremquemolestias.png?size=50x50&set=set1,Montego Bay,undergraduate
5eece14ffc13ae66090000cf,Corabella,Surgener,Female,https://robohash.org/accusamusestcorrupti.png?size=50x50&set=set1,Ludu,graduate
5eece14ffc13ae66090000d0,Roddy,Opy,Male,https://robohash.org/sedvoluptatemet.png?size=50x50&set=set1,Feuknoni,graduate
5eece14ffc13ae66090000d1,Nollie,Poulsum,Male,https://robohash.org/maioresinventoreexcepturi.png?size=50x50&set=set1,Urzuf,graduate
5eece14ffc13ae66090000d2,Nahum,Handslip,Male,https://robohash.org/quisquosvel.png?size=50x50&set=set1,Lisewo,graduate
5eece14ffc13ae66090000d3,Olav,Eathorne,Male,https://robohash.org/utetfugit.png?size=50x50&set=set1,Tabora,graduate
5eece14ffc13ae66090000d4,Latashia,Housegoe,Female,https://robohash.org/nisidictaconsequatur.png?size=50x50&set=set1,Wudian,graduate
5eece14ffc13ae66090000d5,Randolf,Hebson,Male,https://robohash.org/doloruthic.png?size=50x50&set=set1,Baltimore,undergraduate
5eece14ffc13ae66090000d6,Waiter,Luddy,Male,https://robohash.org/magnamatsit.png?size=50x50&set=set1,Kabanga,undergraduate
5eece14ffc13ae66090000d7,Rhys,Pringley,Male,https://robohash.org/recusandaeillumtenetur.png?size=50x50&set=set1,Santa Inês,undergraduate
5eece14ffc13ae66090000d8,Derward,McClinton,Male,https://robohash.org/doloremvoluptatemet.png?size=50x50&set=set1,Zouiat ech Cheïkh,graduate
5eece14ffc13ae66090000d9,Dexter,Mara,Male,https://robohash.org/quisquameosimpedit.png?size=50x50&set=set1,Gornji Grad,graduate
5eece14ffc13ae66090000da,Rab,Sive,Male,https://robohash.org/totamnemomolestiae.png?size=50x50&set=set1,Cikajang,undergraduate
5eece14ffc13ae66090000db,Angeli,Hitschke,Male,https://robohash.org/ducimusabaut.png?size=50x50&set=set1,Pasian,undergraduate
5eece14ffc13ae66090000dc,Bernita,Gainsburgh,Female,https://robohash.org/etnihilunde.png?size=50x50&set=set1,Izvestkovyy,graduate
5eece14ffc13ae66090000dd,Wesley,Boobier,Male,https://robohash.org/eosevenietsunt.png?size=50x50&set=set1,Barili,graduate
5eece14ffc13ae66090000de,Conway,Rudland,Male,https://robohash.org/culpaeossunt.png?size=50x50&set=set1,Huacachi,graduate
5eece14ffc13ae66090000df,Bunnie,Grayland,Female,https://robohash.org/nesciuntipsamvoluptatem.png?size=50x50&set=set1,Lupak,undergraduate
5eece14ffc13ae66090000e0,Julie,Aiers,Female,https://robohash.org/sintfuganumquam.png?size=50x50&set=set1,Asbestos,undergraduate
5eece14ffc13ae66090000e1,Charley,Sanz,Male,https://robohash.org/eumsapientesunt.png?size=50x50&set=set1,Zakamensk,graduate
5eece14ffc13ae66090000e2,Salem,Yves,Male,https://robohash.org/sapienteuterror.png?size=50x50&set=set1,Metahāra,graduate
5eece14ffc13ae66090000e3,Cad,Durrington,Male,https://robohash.org/asperioresdeserunttenetur.png?size=50x50&set=set1,Makato,undergraduate
5eece14ffc13ae66090000e4,Lynnell,Gooderham,Female,https://robohash.org/teneturomnisporro.png?size=50x50&set=set1,As Salţ,undergraduate
5eece14ffc13ae66090000e5,Datha,Hawgood,Female,https://robohash.org/namquovoluptatem.png?size=50x50&set=set1,Stryków,graduate
5eece14ffc13ae66090000e6,Mae,Puttnam,Female,https://robohash.org/dictarerumsaepe.png?size=50x50&set=set1,Sanxi,graduate
5eece14ffc13ae66090000e7,Stanfield,Thay,Male,https://robohash.org/ullamsinttempora.png?size=50x50&set=set1,Tiniguiban,graduate
5eece14ffc13ae66090000e8,Adaline,De'Ath,Female,https://robohash.org/consequaturconsequaturbeatae.png?size=50x50&set=set1,Sydney,undergraduate
5eece14ffc13ae66090000e9,Kimmie,Rama,Female,https://robohash.org/hicomnistempora.png?size=50x50&set=set1,Åmål,graduate
5eece14ffc13ae66090000ea,Leila,Arling,Female,https://robohash.org/ducimusquiipsum.png?size=50x50&set=set1,Seixo de Manhoses,undergraduate
5eece14ffc13ae66090000eb,Milty,Pitford,Male,https://robohash.org/veniamvoluptatemvero.png?size=50x50&set=set1,Bail,undergraduate
5eece14ffc13ae66090000ec,Reamonn,Datte,Male,https://robohash.org/natusassumendavoluptatem.png?size=50x50&set=set1,Xijiang,undergraduate
5eece14ffc13ae66090000ed,Fee,Barnett,Male,https://robohash.org/nobisatea.png?size=50x50&set=set1,Puszczykowo,graduate
5eece14ffc13ae66090000ee,Ulberto,Coldrick,Male,https://robohash.org/doloremautemnemo.png?size=50x50&set=set1,Donabate,undergraduate
5eece14ffc13ae66090000ef,Shayla,Sutterby,Female,https://robohash.org/voluptatemdebitisnobis.png?size=50x50&set=set1,Al ‘Alamayn,undergraduate
5eece14ffc13ae66090000f0,Wilden,Cane,Male,https://robohash.org/utvoluptatemmaxime.png?size=50x50&set=set1,Sens,undergraduate
5eece14ffc13ae66090000f1,Gus,Sleford,Male,https://robohash.org/providentcommodilabore.png?size=50x50&set=set1,Cidadap,graduate
5eece14ffc13ae66090000f2,Bethanne,MacCague,Female,https://robohash.org/estetharum.png?size=50x50&set=set1,San Miguel,graduate
5eece14ffc13ae66090000f3,Lothario,Dowry,Male,https://robohash.org/quiamolestiaeeaque.png?size=50x50&set=set1,Sibut,undergraduate
5eece14ffc13ae66090000f4,Lebbie,Sang,Female,https://robohash.org/enimlaboriosamdolorum.png?size=50x50&set=set1,‘Afak,undergraduate
5eece14ffc13ae66090000f5,Kaine,Wharlton,Male,https://robohash.org/autemsuntin.png?size=50x50&set=set1,Bogi,graduate
5eece14ffc13ae66090000f6,Neddie,Bagnold,Male,https://robohash.org/explicabosedsed.png?size=50x50&set=set1,Saint-Ouen,graduate
5eece14ffc13ae66090000f7,Carney,Blackborn,Male,https://robohash.org/consequaturofficianostrum.png?size=50x50&set=set1,Laâyoune / El Aaiún,graduate
5eece14ffc13ae66090000f8,Gussi,Sabine,Female,https://robohash.org/maximelaborequo.png?size=50x50&set=set1,Xujia,graduate
5eece14ffc13ae66090000f9,Max,Pepis,Male,https://robohash.org/magninatuseveniet.png?size=50x50&set=set1,Najin,graduate
5eece14ffc13ae66090000fa,Ruddie,Le Brun,Male,https://robohash.org/etreiciendisdolores.png?size=50x50&set=set1,Nowy Tomyśl,undergraduate
5eece14ffc13ae66090000fb,Gian,Sibun,Male,https://robohash.org/auteligendidolor.png?size=50x50&set=set1,Balally,graduate
5eece14ffc13ae66090000fc,Raymund,Fearn,Male,https://robohash.org/absolutafugit.png?size=50x50&set=set1,Nicosia,undergraduate
5eece14ffc13ae66090000fd,Matthaeus,Oglesbee,Male,https://robohash.org/etmolestiaeodio.png?size=50x50&set=set1,Krajan Srigonco,undergraduate
5eece14ffc13ae66090000fe,Drucie,Sygroves,Female,https://robohash.org/eaquemolestiasomnis.png?size=50x50&set=set1,Ayrihuanca,graduate
5eece14ffc13ae66090000ff,Oralle,Sutlieff,Female,https://robohash.org/sitautnihil.png?size=50x50&set=set1,Pyhäntä,undergraduate
5eece14ffc13ae6609000100,Al,Baylis,Male,https://robohash.org/molestiasprovidentconsequuntur.png?size=50x50&set=set1,Corral de Bustos,undergraduate
5eece14ffc13ae6609000101,Nessi,Simmen,Female,https://robohash.org/animivoluptatumvoluptas.png?size=50x50&set=set1,Dolsk,graduate
5eece14ffc13ae6609000102,Kay,Stace,Female,https://robohash.org/quiautplaceat.png?size=50x50&set=set1,Bilajer,graduate
5eece14ffc13ae6609000103,Patrice,Teanby,Male,https://robohash.org/isteeumea.png?size=50x50&set=set1,Konduga,undergraduate
5eece14ffc13ae6609000104,Gauthier,Castellone,Male,https://robohash.org/repudiandaefugiatducimus.png?size=50x50&set=set1,Klang,undergraduate
5eece14ffc13ae6609000105,Eziechiele,Cockill,Male,https://robohash.org/ducimusullamea.png?size=50x50&set=set1,Purac,graduate
5eece14ffc13ae6609000106,Nissy,Gumn,Female,https://robohash.org/rationeetmollitia.png?size=50x50&set=set1,Zaytā,undergraduate
5eece14ffc13ae6609000107,Gerianna,Ivankin,Female,https://robohash.org/quiaconsequatureum.png?size=50x50&set=set1,Ust’-Katav,undergraduate
5eece14ffc13ae6609000108,Viviene,MacKnocker,Female,https://robohash.org/numquamofficiafacilis.png?size=50x50&set=set1,Gampaha,graduate
5eece14ffc13ae6609000109,Jamill,Orchard,Male,https://robohash.org/nostrumeligendidolores.png?size=50x50&set=set1,Puerto Madryn,graduate
5eece14ffc13ae660900010a,Erick,Pudsey,Male,https://robohash.org/totamsapientedolorem.png?size=50x50&set=set1,Ituverava,undergraduate
5eece14ffc13ae660900010b,Noellyn,Hammersley,Female,https://robohash.org/nonsedut.png?size=50x50&set=set1,Nganane,undergraduate
5eece14ffc13ae660900010c,Christabel,Artrick,Female,https://robohash.org/eospraesentiumquo.png?size=50x50&set=set1,Chigasaki,graduate
5eece14ffc13ae660900010d,Onfre,Sherred,Male,https://robohash.org/quidictadoloribus.png?size=50x50&set=set1,Tambakbaya,undergraduate
5eece14ffc13ae660900010e,Othello,Rubica,Male,https://robohash.org/quioccaecatiest.png?size=50x50&set=set1,Rifeng,undergraduate
5eece14ffc13ae660900010f,Lezlie,Jakubovics,Female,https://robohash.org/etducimusimpedit.png?size=50x50&set=set1,Três Pontas,graduate
5eece14ffc13ae6609000110,Faith,Breming,Female,https://robohash.org/consequaturutlabore.png?size=50x50&set=set1,Artur Nogueira,graduate
5eece14ffc13ae6609000111,Kale,Askell,Male,https://robohash.org/doloresinquo.png?size=50x50&set=set1,Citalahab,graduate
5eece14ffc13ae6609000112,Devonne,Asbury,Female,https://robohash.org/distinctioculpaperspiciatis.png?size=50x50&set=set1,Granville,graduate
5eece14ffc13ae6609000113,Pauletta,Whiskin,Female,https://robohash.org/laborereprehenderitcorrupti.png?size=50x50&set=set1,Sancha,graduate
5eece14ffc13ae6609000114,Diego,Admans,Male,https://robohash.org/aspernatursolutaea.png?size=50x50&set=set1,Kigoma,graduate
5eece14ffc13ae6609000115,Henka,Wiz,Female,https://robohash.org/idporrodeserunt.png?size=50x50&set=set1,Gaofeng,undergraduate
5eece14ffc13ae6609000116,Elias,Penreth,Male,https://robohash.org/temporesaepequia.png?size=50x50&set=set1,Tshikapa,graduate
5eece14ffc13ae6609000117,Fulvia,Lissandrini,Female,https://robohash.org/ipsaipsamvel.png?size=50x50&set=set1,Zielonka,graduate
5eece14ffc13ae6609000118,Mellie,Byatt,Female,https://robohash.org/ducimusfugaesse.png?size=50x50&set=set1,Göteborg,graduate
5eece14ffc13ae6609000119,Stacey,Rundall,Female,https://robohash.org/excepturiquaeratin.png?size=50x50&set=set1,Ichihara,undergraduate
5eece14ffc13ae660900011a,Annalee,Ewdale,Female,https://robohash.org/doloresidet.png?size=50x50&set=set1,La Cañada,undergraduate
5eece14ffc13ae660900011b,Jabez,Cockayne,Male,https://robohash.org/mollitiaeosdoloremque.png?size=50x50&set=set1,Na Tan,undergraduate
5eece14ffc13ae660900011c,Krishnah,Rolles,Male,https://robohash.org/estidexcepturi.png?size=50x50&set=set1,Barru,graduate
5eece14ffc13ae660900011d,Bethanne,Lowater,Female,https://robohash.org/ipsamerrorvel.png?size=50x50&set=set1,Suay,graduate
5eece14ffc13ae660900011e,Pen,Benech,Female,https://robohash.org/etiureut.png?size=50x50&set=set1,Kassel,graduate
5eece14ffc13ae660900011f,Clare,Standbrook,Female,https://robohash.org/consequunturaspernaturreprehenderit.png?size=50x50&set=set1,Birnin Kebbi,undergraduate
5eece14ffc13ae6609000120,Cliff,MacAlester,Male,https://robohash.org/doloresabnon.png?size=50x50&set=set1,Jiangpan,undergraduate
5eece14ffc13ae6609000121,Rutherford,Mawditt,Male,https://robohash.org/ametautsapiente.png?size=50x50&set=set1,Hanchang,graduate
5eece14ffc13ae6609000122,Christel,Heasman,Female,https://robohash.org/consequunturliberout.png?size=50x50&set=set1,Tuochuan,graduate
5eece14ffc13ae6609000123,Hewie,Puvia,Male,https://robohash.org/velitnondolorem.png?size=50x50&set=set1,Ōzu,graduate
5eece14ffc13ae6609000124,Jami,McGregor,Female,https://robohash.org/estvelitet.png?size=50x50&set=set1,Nelipyno,graduate
5eece14ffc13ae6609000125,Angus,Clair,Male,https://robohash.org/adipisciiustoharum.png?size=50x50&set=set1,Al Quwaysimah,undergraduate
5eece14ffc13ae6609000126,Bourke,Allwell,Male,https://robohash.org/utaliquidipsam.png?size=50x50&set=set1,Allkaj,graduate
5eece14ffc13ae6609000127,Wyatan,Biscomb,Male,https://robohash.org/cumqueidut.png?size=50x50&set=set1,Novoukrayinka,undergraduate
5eece14ffc13ae6609000128,Dominik,Daulton,Male,https://robohash.org/recusandaeporronulla.png?size=50x50&set=set1,Lyudinovo,graduate
5eece14ffc13ae6609000129,Karlens,Deuss,Male,https://robohash.org/omnisearumet.png?size=50x50&set=set1,Cankuzo,graduate
5eece14ffc13ae660900012a,Harwilll,Playdon,Male,https://robohash.org/etutreprehenderit.png?size=50x50&set=set1,Mnich,undergraduate
5eece14ffc13ae660900012b,Roxie,Gyurko,Female,https://robohash.org/etetpossimus.png?size=50x50&set=set1,Thomastown,undergraduate
5eece14ffc13ae660900012c,Allard,Leonarde,Male,https://robohash.org/ametfugaest.png?size=50x50&set=set1,Adigeni,undergraduate
5eece14ffc13ae660900012d,Yardley,Luther,Male,https://robohash.org/aliquamquianon.png?size=50x50&set=set1,Marugame,graduate
5eece14ffc13ae660900012e,Bear,Fronks,Male,https://robohash.org/undeofficiaquasi.png?size=50x50&set=set1,Changshan,undergraduate
5eece14ffc13ae660900012f,Gerrilee,Flobert,Female,https://robohash.org/etautemassumenda.png?size=50x50&set=set1,Shahrisabz Shahri,undergraduate
5eece14ffc13ae6609000130,Clyve,Gornall,Male,https://robohash.org/etdolorumquam.png?size=50x50&set=set1,Zielona Góra,undergraduate
5eece14ffc13ae6609000131,Wald,Astlet,Male,https://robohash.org/numquamautoptio.png?size=50x50&set=set1,Thị Trấn Trùng Khánh,graduate
5eece14ffc13ae6609000132,Violette,Goshawke,Female,https://robohash.org/autcupiditatedoloremque.png?size=50x50&set=set1,Famões,undergraduate
5eece14ffc13ae6609000133,Twyla,Rampling,Female,https://robohash.org/rerumassumendavelit.png?size=50x50&set=set1,Huddinge,graduate
5eece14ffc13ae6609000134,Philis,Shale,Female,https://robohash.org/velfacerelaborum.png?size=50x50&set=set1,Pau,undergraduate
5eece14ffc13ae6609000135,Rois,Scapelhorn,Female,https://robohash.org/numquameosdebitis.png?size=50x50&set=set1,Lewotukan,undergraduate
5eece14ffc13ae6609000136,Chase,Glascott,Male,https://robohash.org/autemperspiciatisexercitationem.png?size=50x50&set=set1,Villa Ángela,undergraduate
5eece14ffc13ae6609000137,Alon,Leeder,Male,https://robohash.org/cupiditateconsecteturrerum.png?size=50x50&set=set1,Ichihara,undergraduate
5eece14ffc13ae6609000138,Myer,Klimes,Male,https://robohash.org/dolorminimavoluptatem.png?size=50x50&set=set1,Mulhouse,undergraduate
5eece14ffc13ae6609000139,Sullivan,Cawsey,Male,https://robohash.org/quibusdamvoluptaspariatur.png?size=50x50&set=set1,Lemahputih,undergraduate
5eece14ffc13ae660900013a,Leticia,Brok,Female,https://robohash.org/evenietrepellatsed.png?size=50x50&set=set1,Dipayal,undergraduate
5eece14ffc13ae660900013b,Fredi,Siviour,Female,https://robohash.org/cumquiaccusamus.png?size=50x50&set=set1,Xuancheng,graduate
5eece14ffc13ae660900013c,Kaleb,Le Fleming,Male,https://robohash.org/molestiaecorporislibero.png?size=50x50&set=set1,Barrancas,undergraduate
5eece14ffc13ae660900013d,Korrie,Erwin,Female,https://robohash.org/auteosfuga.png?size=50x50&set=set1,Gusev,graduate
5eece14ffc13ae660900013e,Lenora,Venny,Female,https://robohash.org/omnisquisuscipit.png?size=50x50&set=set1,Wisznice,undergraduate
5eece14ffc13ae660900013f,Jere,Theodoris,Male,https://robohash.org/totamnullaincidunt.png?size=50x50&set=set1,Roodepoort,undergraduate
5eece14ffc13ae6609000140,Caryl,Vannucci,Male,https://robohash.org/velitoptiocorporis.png?size=50x50&set=set1,Punta Alta,graduate
5eece14ffc13ae6609000141,Herculie,Thebeaud,Male,https://robohash.org/rerumettempora.png?size=50x50&set=set1,Xiangrong,undergraduate
5eece14ffc13ae6609000142,Russell,Furtado,Male,https://robohash.org/ametvoluptatibusvoluptate.png?size=50x50&set=set1,Bouillon,undergraduate
5eece14ffc13ae6609000143,Raffaello,Dagwell,Male,https://robohash.org/officiaasperioresmaiores.png?size=50x50&set=set1,Sukkozero,graduate
5eece14ffc13ae6609000144,Alphard,Gatesman,Male,https://robohash.org/cumremsit.png?size=50x50&set=set1,Madrid,undergraduate
5eece14ffc13ae6609000145,Anjela,Schulze,Female,https://robohash.org/similiquemaioresvelit.png?size=50x50&set=set1,Chuncheon,graduate
5eece14ffc13ae6609000146,Selby,Keyden,Male,https://robohash.org/officiisrecusandaevel.png?size=50x50&set=set1,Ang Thong,undergraduate
5eece14ffc13ae6609000147,Mackenzie,Djokic,Male,https://robohash.org/reminventorequasi.png?size=50x50&set=set1,Waco,undergraduate
5eece14ffc13ae6609000148,Russell,Whittles,Male,https://robohash.org/quisquamatreiciendis.png?size=50x50&set=set1,Karlskrona,graduate
5eece14ffc13ae6609000149,Kira,Goodwin,Female,https://robohash.org/isteeoscorrupti.png?size=50x50&set=set1,Acli,graduate
5eece14ffc13ae660900014a,Mada,Hackworthy,Female,https://robohash.org/liberovoluptasrem.png?size=50x50&set=set1,Liliba,undergraduate
5eece14ffc13ae660900014b,Lenka,Skedgell,Female,https://robohash.org/eumdoloremadipisci.png?size=50x50&set=set1,Tumauini,undergraduate
5eece14ffc13ae660900014c,Bill,MacKay,Male,https://robohash.org/dolorumnumquamullam.png?size=50x50&set=set1,Bình Minh,undergraduate
5eece14ffc13ae660900014d,Valli,Sanchiz,Female,https://robohash.org/dignissimosautvoluptatem.png?size=50x50&set=set1,Daru,undergraduate
5eece14ffc13ae660900014e,Rodney,Westrope,Male,https://robohash.org/accusamusasperioresquia.png?size=50x50&set=set1,Arcena,graduate
5eece14ffc13ae660900014f,Jourdain,Laurisch,Male,https://robohash.org/veritatisautad.png?size=50x50&set=set1,Isiolo,graduate
5eece14ffc13ae6609000150,Trace,Lecordier,Male,https://robohash.org/deseruntmaximebeatae.png?size=50x50&set=set1,Taungoo,graduate
5eece14ffc13ae6609000151,Ashla,Philpin,Female,https://robohash.org/facilisconsequaturdolores.png?size=50x50&set=set1,San Cristobal,graduate
5eece14ffc13ae6609000152,Tanner,Eubank,Male,https://robohash.org/quiamagniat.png?size=50x50&set=set1,Lyon,undergraduate
5eece14ffc13ae6609000153,Garnet,Caroli,Female,https://robohash.org/voluptatibusaboccaecati.png?size=50x50&set=set1,Jiantiao,undergraduate
5eece14ffc13ae6609000154,Terrell,Bursell,Male,https://robohash.org/magnamitaqueet.png?size=50x50&set=set1,Jundiaí,graduate
5eece14ffc13ae6609000155,Laraine,Baford,Female,https://robohash.org/quisminimasit.png?size=50x50&set=set1,Kaiama,undergraduate
5eece14ffc13ae6609000156,Mill,Vequaud,Male,https://robohash.org/nonquiconsequatur.png?size=50x50&set=set1,Tân Kỳ,undergraduate
5eece14ffc13ae6609000157,Tab,Bridal,Male,https://robohash.org/fugiatdoloreaccusantium.png?size=50x50&set=set1,Centralniy,graduate
5eece14ffc13ae6609000158,Stevy,Forrestill,Male,https://robohash.org/delectusatqueminima.png?size=50x50&set=set1,Sukowono,undergraduate
5eece14ffc13ae6609000159,Augie,Goudy,Male,https://robohash.org/providentestrerum.png?size=50x50&set=set1,Maronge,graduate
5eece14ffc13ae660900015a,Cammy,Conyers,Male,https://robohash.org/rerumearumquia.png?size=50x50&set=set1,Bozoum,graduate
5eece14ffc13ae660900015b,Trish,Meneely,Female,https://robohash.org/omnisatid.png?size=50x50&set=set1,Beiyang,undergraduate
5eece14ffc13ae660900015c,Elonore,Abelson,Female,https://robohash.org/consequunturistefugit.png?size=50x50&set=set1,Vaiņode,graduate
5eece14ffc13ae660900015d,Leeanne,Whiteman,Female,https://robohash.org/maioresfacilisab.png?size=50x50&set=set1,Balugo,graduate
5eece14ffc13ae660900015e,Bibby,Thorpe,Female,https://robohash.org/inaccusamusnam.png?size=50x50&set=set1,Osielec,undergraduate
5eece14ffc13ae660900015f,Mercedes,Dorricott,Female,https://robohash.org/quisedsunt.png?size=50x50&set=set1,Chuqui Chuqui,graduate
5eece14ffc13ae6609000160,Allyn,Bruckent,Female,https://robohash.org/nonprovidentut.png?size=50x50&set=set1,Hoboksar,undergraduate
5eece14ffc13ae6609000161,Vi,Pirdy,Female,https://robohash.org/rerumofficiavoluptatem.png?size=50x50&set=set1,Trondheim,graduate
5eece14ffc13ae6609000162,Jean,Filson,Female,https://robohash.org/nisidictahic.png?size=50x50&set=set1,Orhon,graduate
5eece14ffc13ae6609000163,Elnore,Boij,Female,https://robohash.org/nonvelitlaborum.png?size=50x50&set=set1,Lavras da Mangabeira,graduate
5eece14ffc13ae6609000164,Jasmin,Pawelec,Female,https://robohash.org/estoditmolestiae.png?size=50x50&set=set1,Terrugem,undergraduate
5eece14ffc13ae6609000165,Maurizia,Woolaghan,Female,https://robohash.org/eiusetest.png?size=50x50&set=set1,Chwałowice,undergraduate
5eece14ffc13ae6609000166,Elvira,Pinyon,Female,https://robohash.org/quasieosdicta.png?size=50x50&set=set1,Parthenay,undergraduate
5eece14ffc13ae6609000167,Dorie,Feldbrin,Female,https://robohash.org/sapienteperferendisquam.png?size=50x50&set=set1,Phoenix,undergraduate
5eece14ffc13ae6609000168,Bethanne,Larsen,Female,https://robohash.org/quidemsuntdolores.png?size=50x50&set=set1,Pindushi,graduate
5eece14ffc13ae6609000169,Hannie,Platts,Female,https://robohash.org/reprehenderitlaborumdolorum.png?size=50x50&set=set1,Laojunpo,undergraduate
5eece14ffc13ae660900016a,Kipper,Skates,Male,https://robohash.org/etaliquidquia.png?size=50x50&set=set1,Stare Juchy,graduate
5eece14ffc13ae660900016b,Ambros,Skilling,Male,https://robohash.org/voluptasreiciendispariatur.png?size=50x50&set=set1,Castlebellingham,graduate
5eece14ffc13ae660900016c,Hyacintha,Tuckwood,Female,https://robohash.org/estcumqueincidunt.png?size=50x50&set=set1,Dongtundu,graduate
5eece14ffc13ae660900016d,Etti,Ghio,Female,https://robohash.org/quamducimusrepudiandae.png?size=50x50&set=set1,Duma,undergraduate
5eece14ffc13ae660900016e,Vally,Collingham,Female,https://robohash.org/cupiditateutquis.png?size=50x50&set=set1,Lárdos,graduate
5eece14ffc13ae660900016f,Lindon,Perigoe,Male,https://robohash.org/etsitquae.png?size=50x50&set=set1,Xiangxi,undergraduate
5eece14ffc13ae6609000170,Nita,Brood,Female,https://robohash.org/aliquamvoluptatesqui.png?size=50x50&set=set1,Safonovo,graduate
5eece14ffc13ae6609000171,Rolando,Ciraldo,Male,https://robohash.org/harumveniamquam.png?size=50x50&set=set1,Huyuan,graduate
5eece14ffc13ae6609000172,Cher,Watsam,Female,https://robohash.org/quoeumet.png?size=50x50&set=set1,Bhawāna,graduate
5eece14ffc13ae6609000173,Carlita,Buckham,Female,https://robohash.org/sedquosest.png?size=50x50&set=set1,Nariño,undergraduate
5eece14ffc13ae6609000174,Gussie,Faudrie,Female,https://robohash.org/officiistemporibusducimus.png?size=50x50&set=set1,Strasbourg,graduate
5eece14ffc13ae6609000175,Arvy,Fowden,Male,https://robohash.org/voluptatemveritatisest.png?size=50x50&set=set1,Landerneau,undergraduate
5eece14ffc13ae6609000176,Teena,Koppel,Female,https://robohash.org/doloreidsed.png?size=50x50&set=set1,Padilla,undergraduate
5eece14ffc13ae6609000177,Hunter,Peskin,Male,https://robohash.org/etdoloresplaceat.png?size=50x50&set=set1,Hagonoy,graduate
5eece14ffc13ae6609000178,Brina,Saylor,Female,https://robohash.org/debitisundeut.png?size=50x50&set=set1,Filiátes,graduate
5eece14ffc13ae6609000179,Shanta,Addicott,Female,https://robohash.org/exutet.png?size=50x50&set=set1,Ani-e,graduate
5eece14ffc13ae660900017a,Delcine,Benitez,Female,https://robohash.org/temporererumsint.png?size=50x50&set=set1,Haarlem,undergraduate
5eece14ffc13ae660900017b,Amalle,Broggelli,Female,https://robohash.org/consequaturfugaminima.png?size=50x50&set=set1,Orion,graduate
5eece14ffc13ae660900017c,Bertina,Faircliff,Female,https://robohash.org/corporisbeataeest.png?size=50x50&set=set1,Abricots,graduate
5eece14ffc13ae660900017d,Brenda,Dimsdale,Female,https://robohash.org/sedprovidentaut.png?size=50x50&set=set1,Apeldoorn,undergraduate
5eece14ffc13ae660900017e,Hannie,Cumberlidge,Female,https://robohash.org/nostrumquassoluta.png?size=50x50&set=set1,Shalizhai,undergraduate
5eece14ffc13ae660900017f,Bonita,Fucher,Female,https://robohash.org/mollitiaevenietlaboriosam.png?size=50x50&set=set1,Łaszczów,graduate
5eece14ffc13ae6609000180,Norine,Thirlwell,Female,https://robohash.org/autvoluptatesporro.png?size=50x50&set=set1,Thị Trấn Cao Phong,graduate
5eece14ffc13ae6609000181,Thorvald,Willerson,Male,https://robohash.org/veniamdolorumhic.png?size=50x50&set=set1,Sakhnīn,graduate
5eece14ffc13ae6609000182,Nealon,Mallabone,Male,https://robohash.org/rationepossimusea.png?size=50x50&set=set1,Pompéia,graduate
5eece14ffc13ae6609000183,Tobiah,Ellwand,Male,https://robohash.org/corporisaspernaturnumquam.png?size=50x50&set=set1,Lipnik,undergraduate
5eece14ffc13ae6609000184,Reamonn,Shasnan,Male,https://robohash.org/inciduntquaeratnisi.png?size=50x50&set=set1,Tottori,graduate
5eece14ffc13ae6609000185,Gayla,Grimsdike,Female,https://robohash.org/quidemeumcumque.png?size=50x50&set=set1,Zhongzhang,undergraduate
5eece14ffc13ae6609000186,Tootsie,Bogeys,Female,https://robohash.org/totamdebitislaboriosam.png?size=50x50&set=set1,Lijia,graduate
5eece14ffc13ae6609000187,Elizabeth,Coxhead,Female,https://robohash.org/quisrerumsint.png?size=50x50&set=set1,Zyryanovsk,graduate
5eece14ffc13ae6609000188,Korrie,Woofendell,Female,https://robohash.org/eumsintlabore.png?size=50x50&set=set1,Tabon,graduate
5eece14ffc13ae6609000189,Kevon,Tunnicliffe,Male,https://robohash.org/quieveniettenetur.png?size=50x50&set=set1,Xianglong,graduate
5eece14ffc13ae660900018a,Bern,Jarmyn,Male,https://robohash.org/occaecaticumqueillum.png?size=50x50&set=set1,Pacaycasa,undergraduate
5eece14ffc13ae660900018b,Northrop,Philipsen,Male,https://robohash.org/corruptifacerein.png?size=50x50&set=set1,Xigou,undergraduate
5eece14ffc13ae660900018c,Godfry,Summerley,Male,https://robohash.org/utestomnis.png?size=50x50&set=set1,Thika,undergraduate
5eece14ffc13ae660900018d,Bill,Sadry,Female,https://robohash.org/totametest.png?size=50x50&set=set1,Tracal,undergraduate
5eece14ffc13ae660900018e,Newton,Apperley,Male,https://robohash.org/optioquiin.png?size=50x50&set=set1,Ipoh,undergraduate
5eece14ffc13ae660900018f,Tris,Castillou,Male,https://robohash.org/etremfuga.png?size=50x50&set=set1,Bigaa,graduate
5eece14ffc13ae6609000190,Bobbe,Joust,Female,https://robohash.org/eosdebitiset.png?size=50x50&set=set1,Bollnäs,undergraduate
5eece14ffc13ae6609000191,Loretta,Kharchinski,Female,https://robohash.org/corporisdoloribusvoluptatem.png?size=50x50&set=set1,Napanee Downtown,graduate
5eece14ffc13ae6609000192,Trude,Housaman,Female,https://robohash.org/doloribusvoluptatemab.png?size=50x50&set=set1,Itabirito,undergraduate
5eece14ffc13ae6609000193,Juana,Hewlings,Female,https://robohash.org/voluptatemuteos.png?size=50x50&set=set1,Nordeste,graduate
5eece14ffc13ae6609000194,Griswold,Summerscales,Male,https://robohash.org/dolorumporroaspernatur.png?size=50x50&set=set1,Kajar,graduate
5eece14ffc13ae6609000195,Woody,Dowsing,Male,https://robohash.org/laboriosamaccusantiumquis.png?size=50x50&set=set1,Kachug,graduate
5eece14ffc13ae6609000196,Tamqrah,Dumbrill,Female,https://robohash.org/voluptaseosimpedit.png?size=50x50&set=set1,Kolochava,undergraduate
5eece14ffc13ae6609000197,Adelice,Measey,Female,https://robohash.org/necessitatibusdelectuset.png?size=50x50&set=set1,Tianfen,graduate
5eece14ffc13ae6609000198,Paco,Agent,Male,https://robohash.org/etmaioresvoluptas.png?size=50x50&set=set1,Sanquan,undergraduate
5eece14ffc13ae6609000199,Boote,Kenion,Male,https://robohash.org/utquinobis.png?size=50x50&set=set1,Guanmiao,graduate
5eece14ffc13ae660900019a,Tan,Flintiff,Male,https://robohash.org/adipiscidolortempore.png?size=50x50&set=set1,Pyatovskiy,graduate
5eece14ffc13ae660900019b,Brod,Ambrois,Male,https://robohash.org/iurequifugit.png?size=50x50&set=set1,Bao’an,graduate
5eece14ffc13ae660900019c,Kele,Grayley,Male,https://robohash.org/aliasexnam.png?size=50x50&set=set1,Pagsabangan,undergraduate
5eece14ffc13ae660900019d,Rivkah,Awde,Female,https://robohash.org/rationequasnecessitatibus.png?size=50x50&set=set1,Arai,graduate
5eece14ffc13ae660900019e,Enoch,Maylard,Male,https://robohash.org/voluptasrerumcommodi.png?size=50x50&set=set1,Futuroscope,graduate
5eece14ffc13ae660900019f,Claiborne,Zorer,Male,https://robohash.org/cupiditateetvoluptatem.png?size=50x50&set=set1,Pasar,undergraduate
5eece14ffc13ae66090001a0,Raynor,Huckster,Male,https://robohash.org/inciduntincorrupti.png?size=50x50&set=set1,Coyaima,undergraduate
5eece14ffc13ae66090001a1,Deana,Beakes,Female,https://robohash.org/magnieteum.png?size=50x50&set=set1,Haukivuori,graduate
5eece14ffc13ae66090001a2,Cosette,Moller,Female,https://robohash.org/necessitatibusdignissimosillo.png?size=50x50&set=set1,Asan-Maina Village,graduate
5eece14ffc13ae66090001a3,Worthy,Peerman,Male,https://robohash.org/voluptatumsaepeaut.png?size=50x50&set=set1,Lučina,undergraduate
5eece14ffc13ae66090001a4,Lucien,Schlagh,Male,https://robohash.org/etreprehenderitofficiis.png?size=50x50&set=set1,Chemerivtsi,graduate
5eece14ffc13ae66090001a5,Siouxie,Matisse,Female,https://robohash.org/cumsedmolestias.png?size=50x50&set=set1,Gebang,undergraduate
5eece14ffc13ae66090001a6,Callie,Shattock,Female,https://robohash.org/maiorestotamtenetur.png?size=50x50&set=set1,Strasbourg,graduate
5eece14ffc13ae66090001a7,Celle,Snalham,Female,https://robohash.org/consequaturperspiciatisex.png?size=50x50&set=set1,Yunluo,graduate
5eece14ffc13ae66090001a8,Ingar,Waggett,Male,https://robohash.org/inatautem.png?size=50x50&set=set1,Zhongxian,undergraduate
5eece14ffc13ae66090001a9,Carma,Vaan,Female,https://robohash.org/etnihilrem.png?size=50x50&set=set1,Västanfjärd,graduate
5eece14ffc13ae66090001aa,Jonathan,Deegan,Male,https://robohash.org/fugafugiatexpedita.png?size=50x50&set=set1,Santaluz,graduate
5eece14ffc13ae66090001ab,Gretna,Gerram,Female,https://robohash.org/quofugaut.png?size=50x50&set=set1,Fada N'gourma,undergraduate
5eece14ffc13ae66090001ac,Philippine,Yurikov,Female,https://robohash.org/abidomnis.png?size=50x50&set=set1,Xingou,undergraduate
5eece14ffc13ae66090001ad,Corette,Glasscoe,Female,https://robohash.org/expeditaullamminus.png?size=50x50&set=set1,Qiankou,graduate
5eece14ffc13ae66090001ae,Duffy,Boxe,Male,https://robohash.org/consequunturminusplaceat.png?size=50x50&set=set1,Phichit,graduate
5eece14ffc13ae66090001af,Florri,Raiston,Female,https://robohash.org/estdignissimoscorrupti.png?size=50x50&set=set1,Lundazi,undergraduate
5eece14ffc13ae66090001b0,Jedediah,Ledbury,Male,https://robohash.org/voluptasvoluptatumaperiam.png?size=50x50&set=set1,Kalibunder,undergraduate
5eece14ffc13ae66090001b1,Philippa,Pacht,Female,https://robohash.org/quoconsequaturrepellendus.png?size=50x50&set=set1,Harderwijk,undergraduate
5eece14ffc13ae66090001b2,Libbi,Tenby,Female,https://robohash.org/ipsumetinventore.png?size=50x50&set=set1,Nemuro,graduate
5eece14ffc13ae66090001b3,Chrysa,Ellard,Female,https://robohash.org/uteoslabore.png?size=50x50&set=set1,Casais Baleal,undergraduate
5eece14ffc13ae66090001b4,Tabitha,McLise,Female,https://robohash.org/animietprovident.png?size=50x50&set=set1,Phayuha Khiri,graduate
5eece14ffc13ae66090001b5,Rosina,O'Hearn,Female,https://robohash.org/iurerepellenduseos.png?size=50x50&set=set1,Hà Đông,undergraduate
5eece14ffc13ae66090001b6,Pren,McMichan,Male,https://robohash.org/deseruntrerummagnam.png?size=50x50&set=set1,Donggang,graduate
5eece14ffc13ae66090001b7,Weber,Drohan,Male,https://robohash.org/laborecumofficia.png?size=50x50&set=set1,Wantou,undergraduate
5eece14ffc13ae66090001b8,Andriette,Dufour,Female,https://robohash.org/expeditapossimussimilique.png?size=50x50&set=set1,Vitanje,undergraduate
5eece14ffc13ae66090001b9,Melisandra,Cunniam,Female,https://robohash.org/autemautquos.png?size=50x50&set=set1,Vienna,graduate
5eece14ffc13ae66090001ba,Barnard,Luis,Male,https://robohash.org/quasiquideserunt.png?size=50x50&set=set1,Libuganon,undergraduate
5eece14ffc13ae66090001bb,Barnabe,Bartozzi,Male,https://robohash.org/quolaudantiumiure.png?size=50x50&set=set1,Juli,undergraduate
5eece14ffc13ae66090001bc,Robby,Bloomer,Male,https://robohash.org/beataeveniamveritatis.png?size=50x50&set=set1,Dingzigu,undergraduate
5eece14ffc13ae66090001bd,Adelind,Tinklin,Female,https://robohash.org/quisquieum.png?size=50x50&set=set1,Liandu,graduate
5eece14ffc13ae66090001be,Aurore,Peniman,Female,https://robohash.org/fugiatnostrumeveniet.png?size=50x50&set=set1,Floirac,undergraduate
5eece14ffc13ae66090001bf,Trix,Dobinson,Female,https://robohash.org/velitpraesentiumoptio.png?size=50x50&set=set1,Zhichanghe,undergraduate
5eece14ffc13ae66090001c0,Pammie,Lodin,Female,https://robohash.org/eiusdelenitieveniet.png?size=50x50&set=set1,Kliwon Cibingbin,undergraduate
5eece14ffc13ae66090001c1,Camey,Succamore,Male,https://robohash.org/necessitatibusodiofacilis.png?size=50x50&set=set1,"Brgy. Nalook, kalibo",undergraduate
5eece14ffc13ae66090001c2,Marjory,Greenshields,Female,https://robohash.org/debitisodiobeatae.png?size=50x50&set=set1,Lusacan,graduate
5eece14ffc13ae66090001c3,Hartley,Littlejohn,Male,https://robohash.org/undeavoluptates.png?size=50x50&set=set1,Basel,undergraduate
5eece14ffc13ae66090001c4,Dennie,Pressman,Female,https://robohash.org/etametut.png?size=50x50&set=set1,Tsuen Wan,undergraduate
5eece14ffc13ae66090001c5,Karla,Pickard,Female,https://robohash.org/optioeumquae.png?size=50x50&set=set1,Votuporanga,graduate
5eece14ffc13ae66090001c6,Aylmar,Peartree,Male,https://robohash.org/distinctioofficiisenim.png?size=50x50&set=set1,Huntington,graduate
5eece14ffc13ae66090001c7,Bobbee,Hoppner,Female,https://robohash.org/remdoloremqueaut.png?size=50x50&set=set1,Qujing,undergraduate
5eece14ffc13ae66090001c8,Violet,Oxenham,Female,https://robohash.org/nihilquisquammaxime.png?size=50x50&set=set1,Jiaokui,graduate
5eece14ffc13ae66090001c9,Marybeth,Teck,Female,https://robohash.org/voluptatemoccaecatisuscipit.png?size=50x50&set=set1,Gulariyā,undergraduate
5eece14ffc13ae66090001ca,Eal,Constantinou,Male,https://robohash.org/utperferendisdebitis.png?size=50x50&set=set1,Aygepat,graduate
5eece14ffc13ae66090001cb,Glory,Bernhardsson,Female,https://robohash.org/laboriosamsimiliqueet.png?size=50x50&set=set1,Gyigang,graduate
5eece14ffc13ae66090001cc,Townie,Paulo,Male,https://robohash.org/iustoeosrepellat.png?size=50x50&set=set1,Stradbally,undergraduate
5eece14ffc13ae66090001cd,Anastassia,Theobold,Female,https://robohash.org/minuspariaturautem.png?size=50x50&set=set1,Shuangshan,undergraduate
5eece14ffc13ae66090001ce,Craggie,Pride,Male,https://robohash.org/voluptatemdebitisnisi.png?size=50x50&set=set1,Al ‘Āqir,undergraduate
5eece14ffc13ae66090001cf,Ivory,Tewes,Female,https://robohash.org/estdistinctiout.png?size=50x50&set=set1,Tierra y Libertad,undergraduate
5eece14ffc13ae66090001d0,Meridith,Watton,Female,https://robohash.org/aliquidnullaex.png?size=50x50&set=set1,Mangulewa,graduate
5eece14ffc13ae66090001d1,Natassia,Gundry,Female,https://robohash.org/etquosad.png?size=50x50&set=set1,Denver,undergraduate
5eece14ffc13ae66090001d2,Melosa,Harsum,Female,https://robohash.org/doloresestid.png?size=50x50&set=set1,Vinnytsya,graduate
5eece14ffc13ae66090001d3,Moll,Merricks,Female,https://robohash.org/nequedolorestotam.png?size=50x50&set=set1,Deder,undergraduate
5eece14ffc13ae66090001d4,Herschel,McQuillin,Male,https://robohash.org/quaealiquidvoluptas.png?size=50x50&set=set1,Drammen,graduate
5eece14ffc13ae66090001d5,Jacintha,Barnewall,Female,https://robohash.org/dignissimosquissimilique.png?size=50x50&set=set1,Sukasari,undergraduate
5eece14ffc13ae66090001d6,Sally,Ballantine,Female,https://robohash.org/etsimiliqueomnis.png?size=50x50&set=set1,Iquique,graduate
5eece14ffc13ae66090001d7,Waite,Strelitz,Male,https://robohash.org/autvelitnostrum.png?size=50x50&set=set1,Ciro Redondo,graduate
5eece14ffc13ae66090001d8,Bastian,Inkle,Male,https://robohash.org/sitidatque.png?size=50x50&set=set1,Jianba,graduate
5eece14ffc13ae66090001d9,Sandor,Krzysztofiak,Male,https://robohash.org/aliquampossimusea.png?size=50x50&set=set1,Olenyok,graduate
5eece14ffc13ae66090001da,Clim,Lamlin,Male,https://robohash.org/itaquemagnamvoluptas.png?size=50x50&set=set1,Columbia,graduate
5eece14ffc13ae66090001db,Ernest,Durnall,Male,https://robohash.org/necessitatibustenetursint.png?size=50x50&set=set1,Kostyantynivka,undergraduate
5eece14ffc13ae66090001dc,Emmalyn,Hughland,Female,https://robohash.org/autcumquecupiditate.png?size=50x50&set=set1,Staré Město,undergraduate
5eece14ffc13ae66090001dd,Odilia,MacAnellye,Female,https://robohash.org/cumconsecteturcorporis.png?size=50x50&set=set1,Lovisa,undergraduate
5eece14ffc13ae66090001de,North,McKie,Male,https://robohash.org/natusetquibusdam.png?size=50x50&set=set1,Kafr Zībād,graduate
5eece14ffc13ae66090001df,Kathye,Bottjer,Female,https://robohash.org/quiaautemrerum.png?size=50x50&set=set1,Guadalupe,graduate
5eece14ffc13ae66090001e0,Lorilee,McLelland,Female,https://robohash.org/distinctiodictaex.png?size=50x50&set=set1,Ternopil’,graduate
5eece14ffc13ae66090001e1,Merissa,Ainsby,Female,https://robohash.org/eligendialiquamipsum.png?size=50x50&set=set1,San Miguel,graduate
5eece14ffc13ae66090001e2,Merrile,Beringer,Female,https://robohash.org/fugitvoluptasut.png?size=50x50&set=set1,Novi Travnik,undergraduate
5eece14ffc13ae66090001e3,Pace,Haswell,Male,https://robohash.org/architectoaperiamdoloremque.png?size=50x50&set=set1,Bijeli,undergraduate
5eece14ffc13ae66090001e4,Anita,Burch,Female,https://robohash.org/estundetempora.png?size=50x50&set=set1,Conchal,undergraduate
5eece14ffc13ae66090001e5,Christalle,Gellibrand,Female,https://robohash.org/reprehenderitiustorerum.png?size=50x50&set=set1,Kasoa,graduate
5eece14ffc13ae66090001e6,Amelia,Peek,Female,https://robohash.org/ipsamlaborenemo.png?size=50x50&set=set1,Tomelilla,graduate
5eece14ffc13ae66090001e7,Taylor,Skitt,Male,https://robohash.org/autetquibusdam.png?size=50x50&set=set1,Arbois,graduate
5eece14ffc13ae66090001e8,Cassie,Asch,Male,https://robohash.org/consequaturquaeratquisquam.png?size=50x50&set=set1,Aganan,undergraduate
5eece14ffc13ae66090001e9,Hall,Western,Male,https://robohash.org/commodisintquia.png?size=50x50&set=set1,Kola,undergraduate
5eece14ffc13ae66090001ea,Berni,Sherwin,Female,https://robohash.org/quisconsecteturmolestias.png?size=50x50&set=set1,Wuyun,undergraduate
5eece14ffc13ae66090001eb,Grissel,Wellbelove,Female,https://robohash.org/minusillumlaudantium.png?size=50x50&set=set1,Honoria,undergraduate
5eece14ffc13ae66090001ec,Lorilee,Bennetto,Female,https://robohash.org/delectusmolestiaequi.png?size=50x50&set=set1,Haurpanggung,graduate
5eece14ffc13ae66090001ed,Aubrey,Syddon,Female,https://robohash.org/rationequifugiat.png?size=50x50&set=set1,Tanglag,undergraduate
5eece14ffc13ae66090001ee,Brear,Boggish,Female,https://robohash.org/quasidoloremmolestiae.png?size=50x50&set=set1,Mombok,graduate
5eece14ffc13ae66090001ef,Jada,Capaldi,Female,https://robohash.org/optioperferendisnobis.png?size=50x50&set=set1,Pau,undergraduate
5eece14ffc13ae66090001f0,Robin,Kike,Male,https://robohash.org/voluptatemestenim.png?size=50x50&set=set1,Komendantsky aerodrom,graduate
5eece14ffc13ae66090001f1,Gwenneth,Dally,Female,https://robohash.org/etnihilqui.png?size=50x50&set=set1,Łomża,graduate
5eece14ffc13ae66090001f2,Nickolas,McTrustram,Male,https://robohash.org/nonquiaut.png?size=50x50&set=set1,Bani,graduate
5eece14ffc13ae66090001f3,Hewie,Cleaver,Male,https://robohash.org/velitvelitsoluta.png?size=50x50&set=set1,Douala,graduate
